use CAR_SHOP;

INSERT INTO _TYPE_CAR VALUES ("SUV");
INSERT INTO _TYPE_CAR VALUES ("Coupe");
INSERT INTO _TYPE_CAR VALUES ("Convertible");
INSERT INTO _TYPE_CAR VALUES ("Sedan");
INSERT INTO _TYPE_CAR VALUES ("MVP");
INSERT INTO _BRAND_CAR VALUES ("Audi");
INSERT INTO _BRAND_CAR VALUES ("BMW");
INSERT INTO _BRAND_CAR VALUES ("Ford");
INSERT INTO _BRAND_CAR VALUES ("Honda");
INSERT INTO _BRAND_CAR VALUES ("Lexus");
INSERT INTO _BRAND_CAR VALUES ("Mercedes-Benz");
INSERT INTO _BRAND_CAR VALUES ("Toyota");


INSERT INTO _PRODUCT VALUES(NULL, "Audi Q5 2.0 2017", "SUV", "Audi", "USA", 0, 1820000000, "images/cars/audi-q5.jpg");
INSERT INTO _PRODUCT VALUES(NULL, "Audi Q2 1.0 2017", "SUV", "Audi", "USA", 0, 8300000000, "images/cars/audi-q2.jpg");
INSERT INTO _PRODUCT VALUES(NULL, "Audi S1 2.0 2015", "SUV", "Audi", "USA", 0, 1200000000, "images/cars/audi-s1.jpg");
INSERT INTO _PRODUCT VALUES(NULL, "Toyota RAV4 2017", "SUV", "Toyota", "Japanese", 0, 1100000000, "images/cars/toyota-rav4.jpg");
INSERT INTO _PRODUCT VALUES(NULL, "Audi R8 2016", "Coupe", "Audi", "USA", 0, 6500000000, "images/cars/audi-r8.jpg");
INSERT INTO _PRODUCT VALUES(NULL, "Ford Galaxy 1.5 2015", "MVP", "Ford", "USA", 0, 1200000000, "images/cars/ford-galaxy.jpg");
INSERT INTO _PRODUCT VALUES(NULL, "BMW 216D 2017", "MVP", "BMW", "USA", 0, 1200000000, "images/cars/bmw-216d.jpg");
INSERT INTO _PRODUCT VALUES(NULL, "BMW 420i 2017", "Convertible", "BMW", "USA", 0, 1600000000, "images/cars/bmw-420i.jpg");
INSERT INTO _PRODUCT VALUES(NULL, "BMW 640i 2015", "Coupe", "BMW", "USA", 0, 3200000000, "images/cars/bmw-640i.jpg");
INSERT INTO _PRODUCT VALUES(NULL, "Toyota GT86 2016", "Coupe", "Toyota", "Japanese", 0, 1200000000, "images/cars/toyota-gt86.jpg");
INSERT INTO _PRODUCT VALUES(NULL, "Lexus RC 2016", "Coupe", "Lexus", "Japanese", 0, 1200000000, "images/cars/lexus-rc.jpg");
INSERT INTO _PRODUCT VALUES(NULL, "Audi R8 Spyder 2016", "Coupe", "Audi", "USA", 0, 6500000000, "images/cars/audi-r8-spyder.jpg");
INSERT INTO _PRODUCT VALUES(NULL, "Ford Mustang 2015", "Coupe", "Ford", "USA", 0, 1500000000, "images/cars/ford-mustang.jpg");
INSERT INTO _PRODUCT VALUES(NULL, "Ford Edge 2016", "SUV", "Ford", "USA", 0, 1700000000, "images/cars/ford-edge.jpg");
INSERT INTO _PRODUCT VALUES(NULL, "Ford Kuga 2017", "SUV", "Ford", "USA", 0, 1700000000, "images/cars/ford-Kuga.jpg");
INSERT INTO _PRODUCT VALUES(NULL, "Honda HR 2015", "SUV", "Honda", "Japanese", 0, 800000000, "images/cars/honda-hr.jpg");
INSERT INTO _PRODUCT VALUES(NULL, "Honda CR 2015", "SUV", "Honda", "Japanese", 0, 1200000000, "images/cars/honda-cr.jpg");
INSERT INTO _PRODUCT VALUES(NULL, "Mercedes G350 2016", "SUV", "Mercedes-Benz", "USA", 0, 5000000000, "images/cars/mercedes-g350.jpg");
INSERT INTO _PRODUCT VALUES(NULL, "Mercedes GLC350 2017", "SUV", "Mercedes-Benz", "USA", 0, 1500000000, "images/cars/mercedes-glc350.jpg");
INSERT INTO _PRODUCT VALUES(NULL, "Mercedes GLE400 2017", "SUV", "Mercedes-Benz", "USA", 0, 3000000000, "images/cars/mercedes-gle400.jpg");
INSERT INTO _PRODUCT VALUES(NULL, "Audi A3 2017", "Convertible", "Audi", "USA", 0, 1600000000, "images/cars/audi-a3.jpg");
INSERT INTO _PRODUCT VALUES(NULL, "Mercedes AMG 2017", "Convertible", "Mercedes-Benz", "USA", 0, 4000000000, "images/cars/mercedes-amg.jpg");
INSERT INTO _PRODUCT VALUES(NULL, "BMW 530e 2017", "Sedan", "BMW", "USA", 0, 1200000000, "images/cars/bmw-530e.jpg");
INSERT INTO _PRODUCT VALUES(NULL, "Lexus IS 2017", "Sedan", "Lexus", "Japanese", 0, 1200000000, "images/cars/lexus-is.jpg");
INSERT INTO _PRODUCT VALUES(NULL, "Audi S3 2017", "Sedan", "Audi", "USA", 0, 2000000000, "images/cars/audi-s3.jpg");
INSERT INTO _PRODUCT VALUES(NULL, "Lexus GS 2017", "Sedan", "Lexus", "Japanese", 0, 1600000000, "images/cars/lexus-gs.jpg");
INSERT INTO _PRODUCT VALUES(NULL, "Mercedes CLA 2017", "Sedan", "Mercedes-Benz", "USA", 0, 1200000000, "images/cars/mercedes-cla.jpg");
INSERT INTO _PRODUCT VALUES(NULL, "Mercedes E63 2017", "Sedan", "Mercedes-Benz", "USA", 0, 4200000000, "images/cars/mercedes-e63.jpg");
INSERT INTO _PRODUCT VALUES(NULL, "BMW 750Ld 2017", "Sedan", "BMW", "USA", 0, 500000000, "images/cars/bmw-750ld.jpg");
INSERT INTO _PRODUCT VALUES(NULL, "Audi A6 2017", "Sedan", "Audi", "USA", 0, 2000000000, "images/cars/audi-a6.jpg");
INSERT INTO _PRODUCT VALUES(NULL, "Audi S8 2017", "Sedan", "Audi", "USA", 0, 5000000000, "images/cars/audi-S8.jpg");
INSERT INTO _PRODUCT VALUES(NULL, "Ford S-MAX 2017", "MVP", "Ford", "USA", 0, 2000000000, "images/cars/ford-smax.jpg");
INSERT INTO _PRODUCT VALUES(NULL, "Ford C-MAX 2017", "MVP", "Ford", "USA", 0, 1000000000, "images/cars/ford-c-max.jpg");
INSERT INTO _PRODUCT VALUES(NULL, "Toyota Prius+ 2017", "MVP", "Toyota", "Japanese", 0, 1100000000, "images/cars/toyota-prius.jpg");
INSERT INTO _PRODUCT VALUES(NULL, "Toyota Verso 2017", "MVP", "Toyota", "Japanese", 0, 1100000000, "images/cars/toyota-verso.jpg");
INSERT INTO _PRODUCT VALUES(NULL, "Toyota Urban 2017", "MVP", "Toyota", "Japanese", 0, 800000000, "images/cars/toyota-urban.jpg");
INSERT INTO _PRODUCT VALUES(NULL, "Honda FR-V", "MVP", "Honda", "Japanese", 0, 1000000000, "images/cars/honda-frv.jpg");
INSERT INTO _PRODUCT VALUES(NULL, "Ford Fusion 2017", "MVP", "Ford", "USA", 0, 800000000, "images/cars/ford-fusion.jpg");
INSERT INTO _PRODUCT VALUES(NULL, "Ford EcoSport 2017", "SUV", "Ford", "USA", 0, 1100000000, "images/cars/ford-eco.jpg");
INSERT INTO _PRODUCT VALUES(NULL, "Ford Cougar 2017", "SUV", "Ford", "USA", 0, 1100000000, "images/cars/ford-cougar.jpg");
